161;__Packages.tE
162;__Packages.tH
163;__Packages.wG
164;__Packages.sG
165;__Packages.bK
166;__Packages.oM
167;__Packages.uP
168;__Packages.eM
169;__Packages.lL
170;__Packages.kC
171;__Packages.gY
172;__Packages.nZ
173;__Packages.wS
174;__Packages.xH
175;__Packages.Player
176;__Packages.eU
177;__Packages.uY
178;__Packages.Enemy
179;__Packages.zB
180;__Packages.rV
181;__Packages.nY
182;__Packages.oX
183;__Packages.wL
184;__Packages.mC
185;__Packages.uE
186;__Packages.sO
187;__Packages.sT
188;__Packages.eV
189;__Packages.nU
190;__Packages.dL
191;__Packages.jE
192;__Packages.wV
193;__Packages.nO
194;__Packages.hH
195;__Packages.pW
196;__Packages.sM
197;__Packages.oF
198;__Packages.vF
199;__Packages.mX
200;__Packages.uF
201;__Packages.EggHatch
202;__Packages.uI
203;__Packages.nM
204;__Packages.mF
205;__Packages.xQ
206;__Packages.tI
12;sky_symbol
15;fontMedium_symbol
18;hud_symbol
21;boss_wav
22;gameover_wav
23;powerup_wav
24;boom_wav
25;eggsplat_wav
26;eggdrop_wav
27;chomp_wav
28;fire_wav
29;chickenhit_wav
30;sounds_symbol
33;logo_symbol
36;fontBool_symbol
39;menuitem_symbol
58;fighter_symbol
61;bullet_symbol
64;bullet2_symbol
85;chicken_symbol
104;egg_symbol
106;smoke_symbol
108;explosion_symbol
112;shield_symbol
115;asteroid_symbol
118;gift_symbol
121;chickenleg_symbol
142;boss_symbol
145;umbrella_symbol
148;hatch_symbol
151;ia_symbol
153;fontSmall_symbol
156;bullet3_symbol
159;iasmall_symbol
160;yahoo_symbol
